{"cameraMode":{"drawMode":0,"name":"Shaded","section":"Shading Mode"},"sceneLighting":false,"audioPlay":false,"sceneViewState":{"showFog":true,"showMaterialUpdate":true,"showSkybox":true,"showFlares":true,"showImageEffects":true,"showParticleSystems":true},"in2DMode":false,"pivot":{"x":207.203369140625,"y":20.57201385498047,"z":244.7889404296875},"rotation":{"x":0.1827801913022995,"y":-0.7013381719589233,"z":0.19389520585536958,"w":0.6611511707305908},"size":2.285748243331909,"orthographic":false}