{"cameraMode":{"drawMode":0,"name":"Shaded","section":"Shading Mode"},"sceneLighting":false,"audioPlay":false,"sceneViewState":{"showFog":true,"showMaterialUpdate":true,"showSkybox":true,"showFlares":true,"showImageEffects":true,"showParticleSystems":true},"in2DMode":false,"pivot":{"x":193.686767578125,"y":21.45037078857422,"z":242.4623260498047},"rotation":{"x":0.14868824183940888,"y":-0.7852960824966431,"z":0.20694977045059205,"w":0.5642461180686951},"size":21.90211296081543,"orthographic":false}