{"cameraMode":{"drawMode":0,"name":"Shaded","section":"Shading Mode"},"sceneLighting":false,"audioPlay":false,"sceneViewState":{"showFog":true,"showMaterialUpdate":false,"showSkybox":true,"showFlares":true,"showImageEffects":true,"showParticleSystems":true},"in2DMode":false,"pivot":{"x":213.09800720214845,"y":31.082061767578126,"z":222.792236328125},"rotation":{"x":0.05725546553730965,"y":-0.9400010704994202,"z":0.27191615104675295,"w":0.19794298708438874},"size":19.413049697875978,"orthographic":false}