{"cameraMode":{"drawMode":0,"name":"Shaded","section":"Shading Mode"},"sceneLighting":true,"audioPlay":false,"sceneViewState":{"showFog":true,"showMaterialUpdate":true,"showSkybox":true,"showFlares":true,"showImageEffects":true,"showParticleSystems":true},"in2DMode":false,"pivot":{"x":192.33816528320313,"y":12.736555099487305,"z":242.37640380859376},"rotation":{"x":-0.27788710594177248,"y":0.3855465352535248,"z":-0.12298209965229035,"w":-0.8712107539176941},"size":39.719913482666019,"orthographic":false}