{"cameraMode":{"drawMode":0,"name":"Shaded","section":"Shading Mode"},"sceneLighting":false,"audioPlay":false,"sceneViewState":{"showFog":true,"showMaterialUpdate":true,"showSkybox":true,"showFlares":true,"showImageEffects":true,"showParticleSystems":true},"in2DMode":false,"pivot":{"x":193.9562225341797,"y":21.390413284301759,"z":243.50054931640626},"rotation":{"x":-0.1939164400100708,"y":0.7429280281066895,"z":-0.2430470585823059,"w":-0.592775285243988},"size":4.270458221435547,"orthographic":false}