{"cameraMode":{"drawMode":0,"name":"Shaded","section":"Shading Mode"},"sceneLighting":false,"audioPlay":false,"sceneViewState":{"showFog":true,"showMaterialUpdate":false,"showSkybox":true,"showFlares":true,"showImageEffects":true,"showParticleSystems":true},"in2DMode":false,"pivot":{"x":10.333702087402344,"y":90.8340835571289,"z":-60.558143615722659},"rotation":{"x":-0.017186950892210008,"y":-0.9159942865371704,"z":0.03946051746606827,"w":-0.39887598156929018},"size":174.97499084472657,"orthographic":false}