{"cameraMode":{"drawMode":0,"name":"Shaded","section":"Shading Mode"},"sceneLighting":false,"audioPlay":false,"sceneViewState":{"showFog":true,"showMaterialUpdate":true,"showSkybox":true,"showFlares":true,"showImageEffects":true,"showParticleSystems":true},"in2DMode":false,"pivot":{"x":209.45135498046876,"y":20.436084747314454,"z":240.03640747070313},"rotation":{"x":-0.2802123725414276,"y":0.06566699594259262,"z":-0.019222553819417955,"w":-0.9574964642524719},"size":0.4716304540634155,"orthographic":false}