{"cameraMode":{"drawMode":0,"name":"Shaded","section":"Shading Mode"},"sceneLighting":false,"audioPlay":false,"sceneViewState":{"showFog":true,"showMaterialUpdate":false,"showSkybox":true,"showFlares":true,"showImageEffects":true,"showParticleSystems":true},"in2DMode":false,"pivot":{"x":204.51951599121095,"y":9.343306541442871,"z":295.1011962890625},"rotation":{"x":0.2417152374982834,"y":0.005223238840699196,"z":-0.001294420100748539,"w":0.9703323841094971},"size":35.161834716796878,"orthographic":false}