{"cameraMode":{"drawMode":0,"name":"Shaded","section":"Shading Mode"},"sceneLighting":false,"audioPlay":false,"sceneViewState":{"showFog":true,"showMaterialUpdate":true,"showSkybox":true,"showFlares":true,"showImageEffects":true,"showParticleSystems":true},"in2DMode":false,"pivot":{"x":213.94171142578126,"y":18.479549407958986,"z":248.759765625},"rotation":{"x":-0.15961764752864839,"y":-0.12894651293754579,"z":0.021029116585850717,"w":-0.978495180606842},"size":9.701860427856446,"orthographic":false}