{"cameraMode":{"drawMode":0,"name":"Shaded","section":"Shading Mode"},"sceneLighting":false,"audioPlay":false,"sceneViewState":{"showFog":true,"showMaterialUpdate":true,"showSkybox":true,"showFlares":true,"showImageEffects":true,"showParticleSystems":true},"in2DMode":false,"pivot":{"x":196.7036590576172,"y":26.808910369873048,"z":217.39804077148438},"rotation":{"x":-0.018687162548303605,"y":0.9734284281730652,"z":-0.08608460426330567,"w":-0.21137014031410218},"size":10.023758888244629,"orthographic":false}