{"cameraMode":{"drawMode":0,"name":"Shaded","section":"Shading Mode"},"sceneLighting":true,"audioPlay":false,"sceneViewState":{"showFog":true,"showMaterialUpdate":true,"showSkybox":true,"showFlares":true,"showImageEffects":true,"showParticleSystems":true},"in2DMode":false,"pivot":{"x":204.7591552734375,"y":22.177648544311525,"z":274.13861083984377},"rotation":{"x":0.0895489901304245,"y":-0.7249897718429565,"z":0.09602780640125275,"w":0.6761283874511719},"size":1.9459240436553956,"orthographic":false}