{"cameraMode":{"drawMode":0,"name":"Shaded","section":"Shading Mode"},"sceneLighting":false,"audioPlay":false,"sceneViewState":{"showFog":true,"showMaterialUpdate":true,"showSkybox":true,"showFlares":true,"showImageEffects":true,"showParticleSystems":true},"in2DMode":false,"pivot":{"x":203.92332458496095,"y":21.39246940612793,"z":247.3654327392578},"rotation":{"x":-0.19925470650196076,"y":0.0282644834369421,"z":-0.005755530204623938,"w":-0.9795231819152832},"size":1.8821544647216797,"orthographic":false}