{"cameraMode":{"drawMode":0,"name":"Shaded","section":"Shading Mode"},"sceneLighting":true,"audioPlay":false,"sceneViewState":{"showFog":true,"showMaterialUpdate":true,"showSkybox":true,"showFlares":true,"showImageEffects":true,"showParticleSystems":true},"in2DMode":false,"pivot":{"x":211.40536499023438,"y":20.319580078125,"z":242.57691955566407},"rotation":{"x":0.1277998834848404,"y":-0.09099413454532623,"z":0.011781066656112671,"w":0.9875466823577881},"size":8.45853328704834,"orthographic":false}