{"cameraMode":{"drawMode":0,"name":"Shaded","section":"Shading Mode"},"sceneLighting":false,"audioPlay":false,"sceneViewState":{"showFog":true,"showMaterialUpdate":false,"showSkybox":true,"showFlares":true,"showImageEffects":true,"showParticleSystems":true},"in2DMode":false,"pivot":{"x":7.6445746421813969,"y":-12.188566207885743,"z":17.234420776367189},"rotation":{"x":0.09125421196222305,"y":-0.828517496585846,"z":0.5340280532836914,"w":0.14158281683921815},"size":45.71971893310547,"orthographic":false}