{"cameraMode":{"drawMode":0,"name":"Shaded","section":"Shading Mode"},"sceneLighting":false,"audioPlay":false,"sceneViewState":{"showFog":true,"showMaterialUpdate":false,"showSkybox":true,"showFlares":true,"showImageEffects":true,"showParticleSystems":true},"in2DMode":false,"pivot":{"x":28.364017486572267,"y":-20.677200317382814,"z":-254.5334014892578},"rotation":{"x":-0.01700601354241371,"y":-0.9218788743019104,"z":0.38495755195617678,"w":-0.04071787744760513},"size":401.65350341796877,"orthographic":false}