{"cameraMode":{"drawMode":0,"name":"Shaded","section":"Shading Mode"},"sceneLighting":false,"audioPlay":false,"sceneViewState":{"showFog":true,"showMaterialUpdate":true,"showSkybox":true,"showFlares":true,"showImageEffects":true,"showParticleSystems":true},"in2DMode":false,"pivot":{"x":198.875,"y":21.65753173828125,"z":262.0137023925781},"rotation":{"x":-0.27862003445625307,"y":0.6801502704620361,"z":-0.31584155559539797,"w":-0.6000089049339294},"size":2.117727279663086,"orthographic":false}