{"cameraMode":{"drawMode":0,"name":"Shaded","section":"Shading Mode"},"sceneLighting":false,"audioPlay":false,"sceneViewState":{"showFog":true,"showMaterialUpdate":false,"showSkybox":true,"showFlares":true,"showImageEffects":true,"showParticleSystems":true},"in2DMode":false,"pivot":{"x":194.6658477783203,"y":20.171173095703126,"z":252.25677490234376},"rotation":{"x":-0.2795359790325165,"y":0.5789260864257813,"z":-0.22063301503658296,"w":-0.7335021495819092},"size":11.138338088989258,"orthographic":false}