{"cameraMode":{"drawMode":0,"name":"Shaded","section":"Shading Mode"},"sceneLighting":true,"audioPlay":false,"sceneViewState":{"showFog":true,"showMaterialUpdate":true,"showSkybox":true,"showFlares":true,"showImageEffects":true,"showParticleSystems":true},"in2DMode":false,"pivot":{"x":205.30455017089845,"y":13.530574798583985,"z":279.8556213378906},"rotation":{"x":-0.15067359805107118,"y":-0.0009050311637111008,"z":0.0001349325611954555,"w":-0.9885831475257874},"size":30.62687873840332,"orthographic":false}