{"cameraMode":{"drawMode":0,"name":"Shaded","section":"Shading Mode"},"sceneLighting":true,"audioPlay":false,"sceneViewState":{"showFog":true,"showMaterialUpdate":true,"showSkybox":true,"showFlares":true,"showImageEffects":true,"showParticleSystems":true},"in2DMode":false,"pivot":{"x":211.98377990722657,"y":14.015301704406739,"z":238.6280975341797},"rotation":{"x":0.278254896402359,"y":0.6503442525863648,"z":-0.2785434126853943,"w":0.6496462821960449},"size":15.496381759643555,"orthographic":false}