{"cameraMode":{"drawMode":0,"name":"Shaded","section":"Shading Mode"},"sceneLighting":false,"audioPlay":false,"sceneViewState":{"showFog":true,"showMaterialUpdate":true,"showSkybox":true,"showFlares":true,"showImageEffects":true,"showParticleSystems":true},"in2DMode":false,"pivot":{"x":203.93650817871095,"y":19.425437927246095,"z":263.0195007324219},"rotation":{"x":-0.24077336490154267,"y":0.6500728130340576,"z":-0.22905592620372773,"w":-0.6833497881889343},"size":6.54890251159668,"orthographic":false}