{"cameraMode":{"drawMode":0,"name":"Shaded","section":"Shading Mode"},"sceneLighting":true,"audioPlay":false,"sceneViewState":{"showFog":true,"showMaterialUpdate":true,"showSkybox":true,"showFlares":true,"showImageEffects":true,"showParticleSystems":true},"in2DMode":false,"pivot":{"x":211.80313110351563,"y":20.545516967773439,"z":241.6636505126953},"rotation":{"x":0.2313326597213745,"y":-0.04413379728794098,"z":0.010510864667594433,"w":0.97181636095047},"size":-0.13273930549621583,"orthographic":false}