{"cameraMode":{"drawMode":0,"name":"Shaded","section":"Shading Mode"},"sceneLighting":false,"audioPlay":false,"sceneViewState":{"showFog":true,"showMaterialUpdate":false,"showSkybox":true,"showFlares":true,"showImageEffects":true,"showParticleSystems":true},"in2DMode":false,"pivot":{"x":196.27159118652345,"y":10.390969276428223,"z":242.44326782226563},"rotation":{"x":-0.24967704713344575,"y":0.631134033203125,"z":-0.2254650890827179,"w":-0.6989254355430603},"size":24.22147560119629,"orthographic":false}