{"cameraMode":{"drawMode":0,"name":"Shaded","section":"Shading Mode"},"sceneLighting":false,"audioPlay":false,"sceneViewState":{"showFog":true,"showMaterialUpdate":false,"showSkybox":true,"showFlares":true,"showImageEffects":true,"showParticleSystems":true},"in2DMode":false,"pivot":{"x":3.6996195316314699,"y":1.545715093612671,"z":3.4887256622314455},"rotation":{"x":0.02367733046412468,"y":0.026398109272122384,"z":0.0006248084828257561,"w":-0.9993708729743958},"size":3.469564437866211,"orthographic":false}