{"cameraMode":{"drawMode":0,"name":"Shaded","section":"Shading Mode"},"sceneLighting":false,"audioPlay":false,"sceneViewState":{"showFog":true,"showMaterialUpdate":false,"showSkybox":true,"showFlares":true,"showImageEffects":true,"showParticleSystems":true},"in2DMode":false,"pivot":{"x":3.3294105529785158,"y":0.77288818359375,"z":11.35140609741211},"rotation":{"x":-0.08229608833789826,"y":0.6102989912033081,"z":-0.06395767629146576,"w":-0.7852846384048462},"size":19.220075607299806,"orthographic":false}