{"cameraMode":{"drawMode":0,"name":"Shaded","section":"Shading Mode"},"sceneLighting":false,"audioPlay":false,"sceneViewState":{"showFog":true,"showMaterialUpdate":true,"showSkybox":true,"showFlares":true,"showImageEffects":true,"showParticleSystems":true},"in2DMode":false,"pivot":{"x":198.91470336914063,"y":22.474966049194337,"z":250.83026123046876},"rotation":{"x":-0.04390222579240799,"y":0.9331473112106323,"z":-0.1222226470708847,"w":-0.3352169096469879},"size":1.0379095077514649,"orthographic":false}