{"cameraMode":{"drawMode":0,"name":"Shaded","section":"Shading Mode"},"sceneLighting":true,"audioPlay":false,"sceneViewState":{"showFog":true,"showMaterialUpdate":true,"showSkybox":true,"showFlares":true,"showImageEffects":true,"showParticleSystems":true},"in2DMode":false,"pivot":{"x":211.62022399902345,"y":19.763696670532228,"z":242.67892456054688},"rotation":{"x":-0.2358243614435196,"y":0.11174741387367249,"z":-0.02731558121740818,"w":-0.9649628400802612},"size":1.8115854263305665,"orthographic":false}