{"cameraMode":{"drawMode":0,"name":"Shaded","section":"Shading Mode"},"sceneLighting":true,"audioPlay":false,"sceneViewState":{"showFog":true,"showMaterialUpdate":true,"showSkybox":true,"showFlares":true,"showImageEffects":true,"showParticleSystems":true},"in2DMode":false,"pivot":{"x":210.17735290527345,"y":20.261741638183595,"z":242.07583618164063},"rotation":{"x":0.16647984087467194,"y":-0.23311716318130494,"z":0.040548667311668399,"w":0.9572338461875916},"size":6.255530834197998,"orthographic":false}