{"cameraMode":{"drawMode":0,"name":"Shaded","section":"Shading Mode"},"sceneLighting":false,"audioPlay":false,"sceneViewState":{"showFog":true,"showMaterialUpdate":true,"showSkybox":true,"showFlares":true,"showImageEffects":true,"showParticleSystems":true},"in2DMode":false,"pivot":{"x":203.4514923095703,"y":22.20234489440918,"z":252.25262451171876},"rotation":{"x":-0.10494973510503769,"y":0.8586606979370117,"z":-0.19496077299118043,"w":-0.4622528851032257},"size":6.385979652404785,"orthographic":false}