{"cameraMode":{"drawMode":0,"name":"Shaded","section":"Shading Mode"},"sceneLighting":false,"audioPlay":false,"sceneViewState":{"showFog":true,"showMaterialUpdate":true,"showSkybox":true,"showFlares":true,"showImageEffects":true,"showParticleSystems":true},"in2DMode":false,"pivot":{"x":211.75038146972657,"y":21.176239013671876,"z":237.63204956054688},"rotation":{"x":-0.07261137664318085,"y":0.8469607830047607,"z":-0.11993248760700226,"w":-0.5128365159034729},"size":2.517056941986084,"orthographic":false}