{"cameraMode":{"drawMode":0,"name":"Shaded","section":"Shading Mode"},"sceneLighting":false,"audioPlay":false,"sceneViewState":{"showFog":true,"showMaterialUpdate":false,"showSkybox":true,"showFlares":true,"showImageEffects":true,"showParticleSystems":true},"in2DMode":false,"pivot":{"x":-0.6335606575012207,"y":-7.481056213378906,"z":22.42013168334961},"rotation":{"x":-0.19672757387161256,"y":0.09192030876874924,"z":-0.018528124317526819,"w":-0.9759640097618103},"size":28.720134735107423,"orthographic":false}