{"cameraMode":{"drawMode":0,"name":"Shaded","section":"Shading Mode"},"sceneLighting":false,"audioPlay":false,"sceneViewState":{"showFog":true,"showMaterialUpdate":false,"showSkybox":true,"showFlares":true,"showImageEffects":true,"showParticleSystems":true},"in2DMode":false,"pivot":{"x":214.3368682861328,"y":18.01506996154785,"z":247.89492797851563},"rotation":{"x":0.14982354640960694,"y":0.7476727962493897,"z":-0.180284783244133,"w":0.6213177442550659},"size":16.603588104248048,"orthographic":false}