{"cameraMode":{"drawMode":0,"name":"Shaded","section":"Shading Mode"},"sceneLighting":false,"audioPlay":false,"sceneViewState":{"showFog":true,"showMaterialUpdate":false,"showSkybox":true,"showFlares":true,"showImageEffects":true,"showParticleSystems":true},"in2DMode":false,"pivot":{"x":-5.6552629470825199,"y":-1.8815674781799317,"z":28.211530685424806},"rotation":{"x":0.10360706597566605,"y":-0.16806288063526154,"z":0.017765909433364869,"w":0.9801555275917053},"size":33.08370590209961,"orthographic":false}