{"cameraMode":{"drawMode":0,"name":"Shaded","section":"Shading Mode"},"sceneLighting":false,"audioPlay":false,"sceneViewState":{"showFog":true,"showMaterialUpdate":false,"showSkybox":true,"showFlares":true,"showImageEffects":true,"showParticleSystems":true},"in2DMode":false,"pivot":{"x":-89.49751281738281,"y":1.0231537818908692,"z":-13.716853141784668},"rotation":{"x":-0.06639626622200012,"y":0.9335348010063171,"z":-0.2548592984676361,"w":-0.24321015179157258},"size":6.338352203369141,"orthographic":false}