{"cameraMode":{"drawMode":0,"name":"Shaded","section":"Shading Mode"},"sceneLighting":true,"audioPlay":false,"sceneViewState":{"showFog":true,"showMaterialUpdate":true,"showSkybox":true,"showFlares":true,"showImageEffects":true,"showParticleSystems":true},"in2DMode":false,"pivot":{"x":199.67144775390626,"y":24.2643985748291,"z":268.2868957519531},"rotation":{"x":0.013184545561671257,"y":0.9851405024528503,"z":-0.08858218044042587,"w":0.14655236899852754},"size":4.9762420654296879,"orthographic":false}