{"cameraMode":{"drawMode":0,"name":"Shaded","section":"Shading Mode"},"sceneLighting":false,"audioPlay":false,"sceneViewState":{"showFog":true,"showMaterialUpdate":false,"showSkybox":true,"showFlares":true,"showImageEffects":true,"showParticleSystems":true},"in2DMode":false,"pivot":{"x":-21.91982650756836,"y":-0.2884864807128906,"z":-5.652034759521484},"rotation":{"x":0.22742123901844026,"y":-0.6780862808227539,"z":0.23418913781642915,"w":0.6585090160369873},"size":41.362266540527347,"orthographic":false}