{"cameraMode":{"drawMode":0,"name":"Shaded","section":"Shading Mode"},"sceneLighting":false,"audioPlay":false,"sceneViewState":{"showFog":true,"showMaterialUpdate":true,"showSkybox":true,"showFlares":true,"showImageEffects":true,"showParticleSystems":true},"in2DMode":false,"pivot":{"x":212.4757080078125,"y":20.65850830078125,"z":236.84339904785157},"rotation":{"x":0.0252307690680027,"y":-0.9670436382293701,"z":0.1060495376586914,"w":0.23009467124938966},"size":4.295186996459961,"orthographic":false}