{"cameraMode":{"drawMode":0,"name":"Shaded","section":"Shading Mode"},"sceneLighting":false,"audioPlay":false,"sceneViewState":{"showFog":true,"showMaterialUpdate":false,"showSkybox":true,"showFlares":true,"showImageEffects":true,"showParticleSystems":true},"in2DMode":false,"pivot":{"x":-4.61932373046875,"y":0.49062013626098635,"z":24.21596336364746},"rotation":{"x":0.019754596054553987,"y":-0.07491791993379593,"z":0.0014844228280708194,"w":0.9969929456710815},"size":29.732254028320314,"orthographic":false}