{"cameraMode":{"drawMode":0,"name":"Shaded","section":"Shading Mode"},"sceneLighting":false,"audioPlay":false,"sceneViewState":{"showFog":true,"showMaterialUpdate":false,"showSkybox":true,"showFlares":true,"showImageEffects":true,"showParticleSystems":true},"in2DMode":false,"pivot":{"x":-134.41024780273438,"y":-13.722846984863282,"z":52.53451156616211},"rotation":{"x":0.2244064062833786,"y":-0.684047520160675,"z":0.23506061732769013,"w":0.6530446410179138},"size":73.2828598022461,"orthographic":false}