{"cameraMode":{"drawMode":0,"name":"Shaded","section":"Shading Mode"},"sceneLighting":false,"audioPlay":false,"sceneViewState":{"showFog":true,"showMaterialUpdate":false,"showSkybox":true,"showFlares":true,"showImageEffects":true,"showParticleSystems":true},"in2DMode":false,"pivot":{"x":-2.096588134765625,"y":1.2291293144226075,"z":-20.41967010498047},"rotation":{"x":0.015698833391070367,"y":0.969962477684021,"z":-0.0651014894247055,"w":0.23385493457317353},"size":11.946471214294434,"orthographic":false}