{"cameraMode":{"drawMode":0,"name":"Shaded","section":"Shading Mode"},"sceneLighting":false,"audioPlay":false,"sceneViewState":{"showFog":true,"showMaterialUpdate":true,"showSkybox":true,"showFlares":true,"showImageEffects":true,"showParticleSystems":true},"in2DMode":false,"pivot":{"x":208.01028442382813,"y":18.581871032714845,"z":236.68609619140626},"rotation":{"x":0.09177394956350327,"y":-0.6932686567306519,"z":0.08972451090812683,"w":0.7091584801673889},"size":6.685975074768066,"orthographic":false}