{"cameraMode":{"drawMode":0,"name":"Shaded","section":"Shading Mode"},"sceneLighting":false,"audioPlay":false,"sceneViewState":{"showFog":true,"showMaterialUpdate":true,"showSkybox":true,"showFlares":true,"showImageEffects":true,"showParticleSystems":true},"in2DMode":false,"pivot":{"x":197.91966247558595,"y":17.747570037841798,"z":260.76092529296877},"rotation":{"x":-0.3287641704082489,"y":0.6392368674278259,"z":-0.3498280346393585,"w":-0.6007583737373352},"size":9.489270210266114,"orthographic":false}