{"cameraMode":{"drawMode":0,"name":"Shaded","section":"Shading Mode"},"sceneLighting":true,"audioPlay":false,"sceneViewState":{"showFog":true,"showMaterialUpdate":true,"showSkybox":true,"showFlares":true,"showImageEffects":true,"showParticleSystems":true},"in2DMode":false,"pivot":{"x":208.4905548095703,"y":20.75557518005371,"z":253.014892578125},"rotation":{"x":-0.3099651634693146,"y":0.681986391544342,"z":-0.527403712272644,"w":-0.4008261561393738},"size":9.956820487976075,"orthographic":false}