{"cameraMode":{"drawMode":0,"name":"Shaded","section":"Shading Mode"},"sceneLighting":true,"audioPlay":false,"sceneViewState":{"showFog":true,"showMaterialUpdate":true,"showSkybox":true,"showFlares":true,"showImageEffects":true,"showParticleSystems":true},"in2DMode":false,"pivot":{"x":211.98049926757813,"y":21.905086517333986,"z":238.65943908691407},"rotation":{"x":-0.08398257195949555,"y":0.4744725227355957,"z":-0.04554181173443794,"w":-0.8750707507133484},"size":0.8892087340354919,"orthographic":false}