{"cameraMode":{"drawMode":0,"name":"Shaded","section":"Shading Mode"},"sceneLighting":false,"audioPlay":false,"sceneViewState":{"showFog":true,"showMaterialUpdate":true,"showSkybox":true,"showFlares":true,"showImageEffects":true,"showParticleSystems":true},"in2DMode":false,"pivot":{"x":187.14175415039063,"y":12.268364906311036,"z":271.27935791015627},"rotation":{"x":0.26477938890457156,"y":-0.3448579013347626,"z":0.10205871611833573,"w":0.8947340250015259},"size":28.522232055664064,"orthographic":false}