{"cameraMode":{"drawMode":0,"name":"Shaded","section":"Shading Mode"},"sceneLighting":true,"audioPlay":false,"sceneViewState":{"showFog":false,"showMaterialUpdate":false,"showSkybox":false,"showFlares":false,"showImageEffects":false,"showParticleSystems":false},"in2DMode":false,"pivot":{"x":3.7290802001953127,"y":2.5629968643188478,"z":-0.4180319905281067},"rotation":{"x":0.2411133497953415,"y":0.7381528615951538,"z":-0.33257466554641726,"w":0.5351530909538269},"size":0.9338662028312683,"orthographic":false}