{"cameraMode":{"drawMode":0,"name":"Shaded","section":"Shading Mode"},"sceneLighting":false,"audioPlay":false,"sceneViewState":{"showFog":false,"showMaterialUpdate":false,"showSkybox":false,"showFlares":false,"showImageEffects":false,"showParticleSystems":false},"in2DMode":false,"pivot":{"x":8.701234817504883,"y":1.2700002193450928,"z":0.747999906539917},"rotation":{"x":-0.16806744039058686,"y":-0.06028156727552414,"z":0.010298056527972222,"w":-0.9838767647743225},"size":4.873427391052246,"orthographic":false}