{"cameraMode":{"drawMode":0,"name":"Shaded","section":"Shading Mode"},"sceneLighting":true,"audioPlay":false,"sceneViewState":{"showFog":false,"showMaterialUpdate":false,"showSkybox":false,"showFlares":false,"showImageEffects":false,"showParticleSystems":false},"in2DMode":false,"pivot":{"x":7.098609924316406,"y":0.4546198844909668,"z":0.5740287899971008},"rotation":{"x":0.23400959372520448,"y":-0.20041458308696748,"z":0.04936355724930763,"w":0.9500719904899597},"size":81.54730987548828,"orthographic":false}