{"cameraMode":{"drawMode":0,"name":"Shaded","section":"Shading Mode"},"sceneLighting":true,"audioPlay":false,"sceneViewState":{"showFog":false,"showMaterialUpdate":false,"showSkybox":false,"showFlares":false,"showImageEffects":false,"showParticleSystems":false},"in2DMode":false,"pivot":{"x":6.154083728790283,"y":-4.516491889953613,"z":8.042997360229493},"rotation":{"x":0.25398826599121096,"y":0.008700817823410035,"z":-0.00228463695384562,"w":0.9671655297279358},"size":12.822972297668457,"orthographic":false}