{"cameraMode":{"drawMode":0,"name":"Shaded","section":"Shading Mode"},"sceneLighting":true,"audioPlay":false,"sceneViewState":{"showFog":false,"showMaterialUpdate":false,"showSkybox":false,"showFlares":false,"showImageEffects":false,"showParticleSystems":false},"in2DMode":false,"pivot":{"x":1.2513294219970704,"y":0.036550045013427737,"z":-0.6838846206665039},"rotation":{"x":0.14685563743114472,"y":0.8531038165092468,"z":-0.35848748683929446,"w":0.3494768440723419},"size":5.7338666915893559,"orthographic":false}