{"cameraMode":{"drawMode":0,"name":"Shaded","section":"Shading Mode"},"sceneLighting":true,"audioPlay":false,"sceneViewState":{"showFog":false,"showMaterialUpdate":false,"showSkybox":false,"showFlares":false,"showImageEffects":false,"showParticleSystems":false},"in2DMode":false,"pivot":{"x":-6.496614456176758,"y":-4.473833084106445,"z":55.10181427001953},"rotation":{"x":0.05481250584125519,"y":-0.1114979088306427,"z":0.006158806849271059,"w":0.9922327995300293},"size":61.29590606689453,"orthographic":false}