{"cameraMode":{"drawMode":0,"name":"Shaded","section":"Shading Mode"},"sceneLighting":true,"audioPlay":false,"sceneViewState":{"showFog":false,"showMaterialUpdate":false,"showSkybox":false,"showFlares":false,"showImageEffects":false,"showParticleSystems":false},"in2DMode":false,"pivot":{"x":1.449380874633789,"y":0.5830659866333008,"z":-1.2235801219940186},"rotation":{"x":-0.029897581785917283,"y":0.9699510931968689,"z":-0.1618192344903946,"w":-0.1792081594467163},"size":6.700640678405762,"orthographic":false}