{"cameraMode":{"drawMode":0,"name":"Shaded","section":"Shading Mode"},"sceneLighting":false,"audioPlay":false,"sceneViewState":{"showFog":true,"showMaterialUpdate":true,"showSkybox":true,"showFlares":true,"showImageEffects":true,"showParticleSystems":true},"in2DMode":false,"pivot":{"x":6.932309150695801,"y":-3.1549222469329836,"z":-13.857460021972657},"rotation":{"x":-0.029769668355584146,"y":0.9345250725746155,"z":-0.34538233280181887,"w":-0.08054625242948532},"size":10.575324058532715,"orthographic":false}