{"cameraMode":{"drawMode":0,"name":"Shaded","section":"Shading Mode"},"sceneLighting":true,"audioPlay":false,"sceneViewState":{"showFog":false,"showMaterialUpdate":false,"showSkybox":false,"showFlares":false,"showImageEffects":false,"showParticleSystems":false},"in2DMode":false,"pivot":{"x":7.1992998123168949,"y":0.4829999804496765,"z":0.5343000292778015},"rotation":{"x":0.05481250584125519,"y":-0.1114979088306427,"z":0.006158806849271059,"w":0.9922327995300293},"size":0.420021653175354,"orthographic":false}