{"cameraMode":{"drawMode":0,"name":"Shaded","section":"Shading Mode"},"sceneLighting":true,"audioPlay":false,"sceneViewState":{"showFog":true,"showMaterialUpdate":true,"showSkybox":true,"showFlares":true,"showImageEffects":true,"showParticleSystems":true},"in2DMode":false,"pivot":{"x":5.100703239440918,"y":-5.178602695465088,"z":2.5253853797912599},"rotation":{"x":-0.32243508100509646,"y":0.46737155318260195,"z":-0.1880408376455307,"w":-0.8013988733291626},"size":18.488080978393556,"orthographic":false}