{"cameraMode":{"drawMode":0,"name":"Shaded","section":"Shading Mode"},"sceneLighting":true,"audioPlay":false,"sceneViewState":{"showFog":false,"showMaterialUpdate":false,"showSkybox":false,"showFlares":false,"showImageEffects":false,"showParticleSystems":false},"in2DMode":false,"pivot":{"x":7.457948207855225,"y":-0.3151683807373047,"z":0.07015752792358399},"rotation":{"x":-0.17710019648075105,"y":-0.5711231827735901,"z":0.12782785296440125,"w":-0.7912736535072327},"size":8.690540313720704,"orthographic":false}