{"cameraMode":{"drawMode":0,"name":"Shaded","section":"Shading Mode"},"sceneLighting":true,"audioPlay":false,"sceneViewState":{"showFog":false,"showMaterialUpdate":false,"showSkybox":false,"showFlares":false,"showImageEffects":false,"showParticleSystems":false},"in2DMode":false,"pivot":{"x":3.324758529663086,"y":-0.45519065856933596,"z":0.5375833511352539},"rotation":{"x":0.520143985748291,"y":0.04351476952433586,"z":-0.026547979563474656,"w":0.8525561690330505},"size":7.460249900817871,"orthographic":false}