{"cameraMode":{"drawMode":0,"name":"Shaded","section":"Shading Mode"},"sceneLighting":true,"audioPlay":false,"sceneViewState":{"showFog":false,"showMaterialUpdate":false,"showSkybox":false,"showFlares":false,"showImageEffects":false,"showParticleSystems":false},"in2DMode":false,"pivot":{"x":5.292545318603516,"y":-1.1972298622131348,"z":1.2755106687545777},"rotation":{"x":0.37499871850013735,"y":-0.5957691669464111,"z":0.3676498532295227,"w":0.607674777507782},"size":8.74308967590332,"orthographic":false}