{"cameraMode":{"drawMode":0,"name":"Shaded","section":"Shading Mode"},"sceneLighting":false,"audioPlay":false,"sceneViewState":{"showFog":false,"showMaterialUpdate":false,"showSkybox":false,"showFlares":false,"showImageEffects":false,"showParticleSystems":false},"in2DMode":false,"pivot":{"x":0.0,"y":0.11319005489349365,"z":-0.0014225021004676819},"rotation":{"x":-0.0452960729598999,"y":-0.011389504186809063,"z":-0.0005169849027879536,"w":0.9989085793495178},"size":4.8353142738342289,"orthographic":false}