{"cameraMode":{"drawMode":0,"name":"Shaded","section":"Shading Mode"},"sceneLighting":true,"audioPlay":false,"sceneViewState":{"showFog":false,"showMaterialUpdate":false,"showSkybox":false,"showFlares":false,"showImageEffects":false,"showParticleSystems":false},"in2DMode":false,"pivot":{"x":-50.56404113769531,"y":-15.656291961669922,"z":8.75771427154541},"rotation":{"x":0.10659224539995194,"y":-0.6522849798202515,"z":0.09337501972913742,"w":0.7446096539497376},"size":68.7239990234375,"orthographic":false}