{"cameraMode":{"drawMode":0,"name":"Shaded","section":"Shading Mode"},"sceneLighting":true,"audioPlay":false,"sceneViewState":{"showFog":false,"showMaterialUpdate":false,"showSkybox":false,"showFlares":false,"showImageEffects":false,"showParticleSystems":false},"in2DMode":false,"pivot":{"x":0.5030491352081299,"y":0.36249446868896487,"z":-0.6308374404907227},"rotation":{"x":-0.056365691125392917,"y":0.937041699886322,"z":-0.1795411854982376,"w":-0.29417818784713747},"size":4.900639533996582,"orthographic":false}