{"cameraMode":{"drawMode":0,"name":"Shaded","section":"Shading Mode"},"sceneLighting":false,"audioPlay":false,"sceneViewState":{"showFog":false,"showMaterialUpdate":false,"showSkybox":false,"showFlares":false,"showImageEffects":false,"showParticleSystems":false},"in2DMode":false,"pivot":{"x":9.653143882751465,"y":0.4631655216217041,"z":1.5915212631225587},"rotation":{"x":-0.16124394536018372,"y":-0.024559402838349344,"z":0.004014227073639631,"w":-0.9866008162498474},"size":9.047965049743653,"orthographic":false}