{"cameraMode":{"drawMode":0,"name":"Shaded","section":"Shading Mode"},"sceneLighting":false,"audioPlay":false,"sceneViewState":{"showFog":false,"showMaterialUpdate":false,"showSkybox":false,"showFlares":false,"showImageEffects":false,"showParticleSystems":false},"in2DMode":false,"pivot":{"x":3.75600004196167,"y":0.6949999332427979,"z":1.0019999742507935},"rotation":{"x":-0.3086513876914978,"y":0.6389409303665161,"z":-0.3121985197067261,"w":-0.6316810846328735},"size":6.457885265350342,"orthographic":false}