{"cameraMode":{"drawMode":0,"name":"Shaded","section":"Shading Mode"},"sceneLighting":false,"audioPlay":false,"sceneViewState":{"showFog":false,"showMaterialUpdate":false,"showSkybox":false,"showFlares":false,"showImageEffects":false,"showParticleSystems":false},"in2DMode":false,"pivot":{"x":7.1992998123168949,"y":0.4829999804496765,"z":0.5343000292778015},"rotation":{"x":-0.16806744039058686,"y":-0.06028156727552414,"z":0.010298056527972222,"w":-0.9838767647743225},"size":547.2599487304688,"orthographic":false}