{"cameraMode":{"drawMode":0,"name":"Shaded","section":"Shading Mode"},"sceneLighting":true,"audioPlay":false,"sceneViewState":{"showFog":true,"showMaterialUpdate":true,"showSkybox":true,"showFlares":true,"showImageEffects":true,"showParticleSystems":true},"in2DMode":false,"pivot":{"x":-5.810562610626221,"y":-2.040750741958618,"z":5.935530185699463},"rotation":{"x":-0.08735870569944382,"y":0.843242347240448,"z":-0.14433172345161439,"w":-0.5103716254234314},"size":20.61882209777832,"orthographic":false}