{"cameraMode":{"drawMode":0,"name":"Shaded","section":"Shading Mode"},"sceneLighting":true,"audioPlay":false,"sceneViewState":{"showFog":false,"showMaterialUpdate":false,"showSkybox":false,"showFlares":false,"showImageEffects":false,"showParticleSystems":false},"in2DMode":false,"pivot":{"x":2.2671377658843996,"y":-1.4697773456573487,"z":0.06567375361919403},"rotation":{"x":0.24765048921108247,"y":0.6660526394844055,"z":-0.25093984603881838,"w":0.657322108745575},"size":5.912975311279297,"orthographic":false}